iter	RMSE
0	57.89275096
75	45.18453922
